user_id,event_type,event_date,resolution_status
2637,Downgrade,2024-06-11,Closed
1929,Refund,2024-03-19,Closed
584,Refund,2023-03-04,Closed
4701,Refund,2023-11-02,Closed
753,Downgrade,2023-01-05,Closed
2758,Complaint,2024-10-19,Closed
1279,Complaint,2024-08-23,Closed
1290,Refund,2023-08-16,Closed
3432,Complaint,2024-07-08,Closed
4438,Downgrade,2023-03-09,Closed
421,Refund,2023-09-17,Closed
575,Complaint,2024-01-20,Open
2867,Complaint,2023-08-13,Closed
2950,Refund,2023-03-01,Open
3164,Refund,2024-07-17,Closed
725,Complaint,2023-03-21,Closed
2623,Complaint,2023-05-31,Open
1556,Downgrade,2023-03-06,Closed
4896,Complaint,2023-11-09,Closed
3936,Downgrade,2024-05-07,Closed
3515,Downgrade,2023-08-24,Closed
4065,Downgrade,2023-07-22,Closed
1061,Complaint,2024-10-02,Closed
2001,Downgrade,2023-05-10,Closed
76,Refund,2023-09-07,Open
2096,Refund,2023-12-18,Closed
3728,Downgrade,2024-08-28,Closed
2989,Refund,2024-06-27,Closed
2443,Complaint,2023-09-29,Closed
2120,Downgrade,2023-04-01,Closed
4724,Refund,2023-10-20,Closed
4882,Refund,2024-06-25,Closed
1803,Complaint,2024-08-09,Closed
2033,Refund,2023-12-19,Open
604,Downgrade,2023-08-31,Open
247,Complaint,2023-10-12,Closed
225,Complaint,2023-08-08,Open
1710,Complaint,2023-06-23,Closed
57,Refund,2024-02-06,Open
4139,Downgrade,2023-05-19,Closed
2099,Downgrade,2024-10-19,Closed
3686,Downgrade,2024-11-23,Closed
4180,Refund,2023-12-30,Closed
1767,Refund,2024-06-30,Closed
2972,Complaint,2023-04-10,Open
881,Refund,2024-10-11,Closed
933,Refund,2023-02-27,Closed
3623,Refund,2024-04-17,Open
26,Downgrade,2024-06-18,Closed
2043,Downgrade,2023-11-30,Closed
1406,Refund,2024-03-16,Closed
3811,Downgrade,2023-07-05,Open
4799,Downgrade,2024-02-20,Closed
1826,Downgrade,2023-07-26,Closed
1631,Refund,2023-02-13,Open
1888,Refund,2024-02-21,Closed
1336,Downgrade,2023-05-22,Closed
926,Refund,2024-05-23,Open
4884,Refund,2023-01-02,Open
881,Downgrade,2023-07-25,Open
512,Complaint,2024-07-18,Open
2457,Complaint,2024-06-22,Closed
1171,Complaint,2024-05-12,Closed
2109,Downgrade,2024-03-30,Closed
4222,Complaint,2023-07-21,Closed
525,Complaint,2023-12-14,Closed
1755,Refund,2024-09-23,Closed
341,Refund,2024-01-22,Closed
3478,Downgrade,2024-05-26,Closed
3719,Downgrade,2024-02-22,Open
365,Downgrade,2023-06-17,Closed
4095,Refund,2024-01-10,Closed
2552,Downgrade,2023-11-11,Closed
4040,Refund,2023-02-05,Closed
918,Downgrade,2024-09-18,Closed
4643,Complaint,2023-04-18,Closed
4889,Refund,2023-10-27,Closed
2139,Downgrade,2023-07-14,Closed
4062,Downgrade,2023-01-28,Closed
4444,Downgrade,2024-10-17,Closed
2731,Downgrade,2024-06-27,Closed
1956,Complaint,2023-06-23,Open
601,Refund,2024-06-30,Closed
3561,Complaint,2023-02-14,Closed
549,Downgrade,2024-06-29,Closed
1824,Downgrade,2023-01-28,Closed
4861,Complaint,2024-07-24,Open
3230,Refund,2023-08-28,Closed
4926,Complaint,2024-03-28,Closed
181,Complaint,2023-04-01,Open
2346,Downgrade,2023-05-25,Closed
226,Downgrade,2023-10-08,Open
1033,Complaint,2023-01-13,Closed
4725,Downgrade,2024-08-14,Closed
764,Refund,2023-05-14,Closed
1798,Downgrade,2023-01-24,Closed
587,Refund,2024-08-26,Open
4944,Refund,2023-03-31,Closed
3136,Refund,2023-11-07,Open
1236,Complaint,2024-10-16,Closed
875,Refund,2023-06-30,Closed
4224,Refund,2024-03-04,Closed
3669,Refund,2024-11-03,Closed
730,Complaint,2023-06-03,Closed
1515,Downgrade,2024-05-11,Closed
2471,Downgrade,2023-10-26,Closed
1463,Refund,2024-02-24,Open
3897,Downgrade,2024-05-11,Closed
3977,Refund,2023-01-11,Closed
3852,Refund,2023-02-05,Open
3122,Complaint,2023-11-18,Closed
2948,Downgrade,2023-07-23,Closed
1447,Downgrade,2024-08-07,Open
2195,Refund,2024-05-27,Open
3538,Refund,2024-07-30,Closed
2688,Refund,2024-07-29,Closed
4283,Complaint,2023-03-31,Closed
1658,Complaint,2023-04-25,Open
2147,Downgrade,2024-02-10,Closed
4283,Refund,2023-04-10,Open
2479,Complaint,2023-09-17,Closed
869,Complaint,2024-06-11,Open
1020,Downgrade,2024-08-22,Closed
835,Refund,2024-11-17,Open
2932,Complaint,2023-11-30,Closed
4527,Complaint,2024-05-17,Closed
3991,Refund,2024-02-08,Open
4749,Refund,2024-06-10,Closed
865,Complaint,2023-08-28,Closed
2697,Refund,2023-04-07,Closed
174,Refund,2023-10-17,Closed
2163,Complaint,2024-06-04,Open
1191,Complaint,2023-11-26,Closed
694,Complaint,2024-10-05,Closed
2131,Downgrade,2023-04-04,Closed
4413,Refund,2024-08-15,Closed
3795,Complaint,2023-10-27,Closed
2771,Refund,2024-06-18,Open
3881,Complaint,2024-09-02,Closed
3465,Refund,2024-05-17,Closed
1199,Downgrade,2024-10-24,Closed
2874,Refund,2023-04-08,Open
893,Refund,2023-12-01,Open
4974,Downgrade,2024-06-06,Closed
1599,Complaint,2023-02-25,Closed
2178,Refund,2024-02-23,Closed
2692,Refund,2023-02-24,Closed
2538,Refund,2024-08-08,Open
3262,Downgrade,2023-01-03,Closed
1206,Complaint,2023-07-02,Closed
1824,Refund,2024-10-11,Closed
1976,Downgrade,2023-09-14,Closed
1623,Refund,2023-03-14,Closed
3479,Refund,2024-01-04,Closed
7,Complaint,2024-02-15,Closed
1553,Complaint,2023-01-07,Closed
58,Complaint,2023-07-28,Closed
1056,Refund,2023-06-16,Closed
881,Complaint,2024-05-05,Open
4282,Refund,2024-05-29,Closed
2140,Complaint,2023-08-28,Open
4766,Refund,2023-12-15,Closed
453,Refund,2023-07-01,Closed
2039,Downgrade,2023-09-17,Closed
872,Downgrade,2023-03-21,Closed
2593,Complaint,2023-08-07,Closed
2195,Complaint,2024-11-03,Closed
1519,Refund,2023-07-27,Closed
2456,Complaint,2024-02-10,Closed
1789,Downgrade,2024-04-30,Closed
2195,Downgrade,2024-07-12,Closed
1505,Downgrade,2024-08-13,Closed
4128,Downgrade,2023-03-30,Closed
4332,Complaint,2023-01-08,Closed
982,Complaint,2023-03-21,Open
3110,Refund,2024-07-26,Closed
1838,Complaint,2024-03-10,Closed
4425,Refund,2024-07-04,Closed
2403,Refund,2024-11-05,Open
2099,Refund,2023-03-06,Open
2990,Refund,2024-09-17,Closed
922,Complaint,2024-02-16,Closed
2347,Refund,2023-02-16,Closed
1958,Downgrade,2023-04-27,Closed
4600,Refund,2023-10-05,Open
231,Downgrade,2024-05-28,Closed
4881,Downgrade,2023-07-17,Closed
4147,Downgrade,2024-09-21,Closed
3871,Complaint,2024-02-18,Closed
2444,Refund,2023-04-28,Closed
762,Complaint,2023-12-08,Open
1171,Refund,2023-12-23,Open
870,Complaint,2024-11-08,Open
3598,Complaint,2024-04-13,Closed
832,Downgrade,2023-05-06,Closed
3494,Refund,2024-10-31,Closed
3618,Complaint,2024-08-15,Closed
299,Refund,2023-10-30,Closed
3836,Complaint,2023-08-10,Closed
2188,Complaint,2024-06-29,Closed
2019,Refund,2024-11-26,Open
3430,Complaint,2024-02-25,Open
3391,Downgrade,2023-12-18,Closed
4925,Downgrade,2024-02-24,Closed
4349,Refund,2024-01-14,Closed
596,Complaint,2024-06-02,Open
2532,Complaint,2023-12-03,Open
1852,Downgrade,2023-06-26,Closed
2861,Downgrade,2023-08-24,Closed
3110,Downgrade,2024-10-30,Closed
737,Downgrade,2023-09-08,Open
2728,Refund,2024-02-25,Closed
1906,Refund,2024-08-04,Closed
445,Complaint,2024-03-15,Closed
3225,Refund,2023-12-24,Closed
3449,Complaint,2024-01-06,Closed
3977,Downgrade,2024-04-07,Closed
4464,Refund,2023-11-05,Open
4678,Refund,2023-06-29,Closed
2710,Refund,2023-12-19,Open
816,Refund,2023-08-27,Closed
4,Refund,2024-08-19,Open
3692,Downgrade,2023-06-17,Closed
906,Complaint,2024-04-18,Open
1770,Complaint,2023-10-31,Closed
4918,Complaint,2023-08-11,Closed
4639,Complaint,2024-06-29,Closed
2266,Downgrade,2023-01-25,Open
502,Refund,2023-03-15,Closed
1280,Refund,2024-07-26,Open
3428,Refund,2023-05-20,Closed
2572,Refund,2024-08-27,Closed
223,Downgrade,2023-06-08,Closed
5000,Complaint,2024-05-06,Closed
4814,Complaint,2023-01-13,Closed
3605,Complaint,2024-06-27,Closed
1769,Complaint,2023-05-04,Closed
3916,Downgrade,2024-04-02,Open
2869,Refund,2023-02-16,Closed
2097,Complaint,2024-09-05,Open
4014,Downgrade,2024-07-23,Closed
2407,Complaint,2023-01-23,Closed
2285,Refund,2024-02-22,Closed
4897,Refund,2024-03-07,Closed
1600,Downgrade,2024-02-16,Closed
4544,Refund,2024-01-27,Closed
725,Refund,2024-06-24,Closed
4473,Refund,2024-02-06,Closed
3763,Downgrade,2024-09-04,Closed
1999,Downgrade,2024-11-29,Closed
1914,Refund,2023-09-01,Closed
80,Complaint,2023-02-22,Open
694,Complaint,2023-10-02,Closed
4564,Complaint,2024-03-12,Closed
1729,Downgrade,2024-08-17,Closed
2725,Complaint,2023-02-18,Closed
2190,Downgrade,2023-09-06,Closed
526,Refund,2023-12-13,Closed
4746,Refund,2023-05-16,Closed
2811,Refund,2024-02-25,Closed
3110,Refund,2024-10-10,Closed
4091,Complaint,2024-04-11,Closed
2139,Refund,2023-03-02,Open
2415,Refund,2024-05-24,Closed
68,Refund,2024-08-29,Closed
2408,Complaint,2023-03-21,Closed
2833,Complaint,2024-07-27,Closed
980,Complaint,2024-06-29,Closed
3510,Refund,2023-07-02,Closed
3003,Downgrade,2023-02-17,Closed
1971,Complaint,2024-09-04,Open
198,Complaint,2024-10-09,Closed
4799,Downgrade,2023-04-28,Closed
2120,Complaint,2023-07-18,Closed
601,Complaint,2023-07-12,Closed
4740,Refund,2024-02-04,Closed
4158,Downgrade,2023-07-20,Closed
3336,Complaint,2023-06-04,Closed
881,Complaint,2023-02-11,Closed
3890,Refund,2023-10-29,Closed
3429,Downgrade,2023-03-15,Closed
728,Refund,2023-05-15,Closed
3410,Downgrade,2023-04-02,Closed
190,Refund,2024-06-15,Open
3095,Refund,2023-02-13,Closed
2647,Complaint,2024-09-01,Closed
2359,Downgrade,2023-04-03,Closed
4465,Complaint,2023-04-23,Closed
2316,Complaint,2023-11-06,Open
3096,Refund,2024-05-14,Closed
2493,Downgrade,2024-02-29,Closed
2511,Downgrade,2024-05-28,Closed
1420,Downgrade,2023-09-03,Closed
1742,Refund,2024-03-19,Closed
3238,Refund,2023-05-25,Closed
4817,Complaint,2023-11-26,Closed
4720,Refund,2023-02-01,Closed
1099,Downgrade,2023-09-05,Open
2560,Refund,2023-01-15,Open
4380,Downgrade,2023-10-21,Closed
204,Downgrade,2023-07-05,Closed
2929,Refund,2023-03-01,Open
2644,Complaint,2024-09-12,Open
1884,Downgrade,2024-01-20,Closed
2105,Refund,2023-10-26,Open
1360,Refund,2023-01-09,Closed
1928,Downgrade,2023-08-25,Open
4937,Refund,2023-05-16,Open
3438,Downgrade,2024-06-06,Closed
3845,Downgrade,2024-05-11,Closed
1989,Downgrade,2023-10-09,Closed
2922,Complaint,2024-03-30,Closed
1818,Refund,2024-11-10,Closed
1609,Refund,2024-06-05,Open
4605,Downgrade,2023-03-09,Closed
1326,Complaint,2023-02-04,Open
3550,Downgrade,2023-09-13,Open
923,Refund,2023-08-20,Closed
1723,Refund,2024-09-04,Closed
1840,Downgrade,2023-10-07,Closed
3949,Refund,2023-07-07,Closed
249,Complaint,2024-03-17,Closed
4554,Refund,2023-06-03,Closed
3583,Downgrade,2023-07-06,Closed
2173,Refund,2024-01-01,Open
1728,Complaint,2023-10-10,Closed
2022,Downgrade,2023-02-28,Closed
2722,Complaint,2024-02-18,Closed
4032,Refund,2024-02-20,Closed
4037,Complaint,2023-04-23,Closed
3871,Complaint,2024-03-18,Closed
97,Complaint,2023-05-04,Closed
1483,Downgrade,2024-05-13,Closed
2597,Refund,2023-06-11,Closed
4451,Refund,2023-05-09,Closed
2354,Downgrade,2023-07-28,Closed
1839,Downgrade,2024-04-24,Closed
3986,Complaint,2024-03-09,Closed
1722,Downgrade,2024-02-10,Closed
3486,Downgrade,2023-08-31,Open
3789,Downgrade,2024-10-26,Closed
1642,Downgrade,2023-04-12,Closed
2118,Downgrade,2024-08-15,Closed
2733,Complaint,2024-04-14,Open
2179,Downgrade,2024-09-14,Closed
4573,Complaint,2023-11-23,Closed
185,Downgrade,2024-05-24,Closed
2773,Refund,2024-11-21,Closed
4653,Refund,2023-08-05,Open
4168,Complaint,2023-11-01,Closed
2737,Refund,2024-09-10,Open
1469,Downgrade,2023-06-13,Closed
3276,Refund,2024-05-21,Closed
2730,Refund,2024-04-14,Closed
550,Complaint,2024-01-08,Open
1216,Refund,2023-10-08,Closed
2016,Refund,2024-07-18,Closed
1883,Complaint,2023-04-25,Open
1682,Complaint,2023-10-14,Closed
836,Complaint,2024-09-15,Closed
2304,Refund,2024-09-09,Closed
2925,Downgrade,2023-05-13,Closed
2094,Complaint,2024-07-28,Closed
3833,Downgrade,2023-01-28,Closed
4847,Downgrade,2024-07-10,Closed
1835,Complaint,2023-10-31,Open
1322,Downgrade,2024-08-23,Closed
3403,Complaint,2024-03-22,Closed
1043,Downgrade,2023-01-31,Closed
527,Complaint,2023-11-16,Closed
417,Complaint,2024-01-28,Closed
2729,Complaint,2023-04-04,Closed
3680,Complaint,2024-04-13,Closed
3767,Complaint,2024-08-26,Closed
718,Refund,2024-04-26,Closed
1873,Refund,2023-06-19,Closed
3837,Downgrade,2023-08-20,Closed
2906,Refund,2023-11-26,Closed
1606,Refund,2024-09-03,Open
4487,Complaint,2023-07-24,Closed
1717,Refund,2023-12-20,Closed
2174,Refund,2023-03-23,Closed
2745,Refund,2023-11-25,Closed
4624,Complaint,2024-01-14,Closed
2897,Complaint,2023-09-15,Closed
2418,Downgrade,2024-11-18,Closed
1634,Downgrade,2024-09-26,Closed
4345,Complaint,2024-04-02,Open
169,Refund,2023-03-10,Closed
123,Refund,2024-08-26,Closed
4389,Downgrade,2024-04-08,Closed
3135,Downgrade,2023-08-21,Closed
4599,Refund,2023-01-24,Closed
2583,Complaint,2023-11-02,Closed
393,Refund,2024-11-23,Closed
3493,Complaint,2024-04-02,Closed
374,Refund,2023-04-11,Closed
1823,Refund,2023-10-28,Closed
4565,Complaint,2024-07-02,Closed
2773,Refund,2023-08-26,Closed
1932,Downgrade,2023-05-28,Closed
975,Refund,2024-02-01,Closed
783,Downgrade,2024-04-14,Open
916,Complaint,2024-10-22,Closed
4250,Downgrade,2023-08-10,Closed
768,Complaint,2023-04-19,Closed
2353,Refund,2023-03-09,Closed
3864,Refund,2024-05-09,Closed
341,Downgrade,2023-07-04,Closed
4674,Complaint,2024-09-16,Open
1749,Refund,2023-12-22,Closed
1503,Refund,2023-11-30,Closed
2051,Downgrade,2023-08-06,Closed
1748,Downgrade,2023-07-18,Closed
4118,Refund,2023-03-16,Closed
1903,Downgrade,2023-01-03,Closed
3851,Downgrade,2023-12-04,Closed
853,Refund,2024-01-29,Closed
3519,Complaint,2024-01-11,Closed
2312,Refund,2023-02-21,Closed
1345,Complaint,2024-06-29,Closed
142,Downgrade,2023-05-29,Closed
635,Complaint,2023-05-24,Closed
2997,Downgrade,2023-10-11,Closed
900,Refund,2024-06-24,Open
515,Refund,2023-06-14,Open
41,Refund,2024-05-24,Closed
728,Refund,2024-03-29,Open
2869,Complaint,2024-07-24,Closed
3530,Downgrade,2024-06-22,Open
2074,Downgrade,2023-12-06,Closed
2730,Complaint,2023-01-22,Closed
4392,Complaint,2024-01-21,Closed
949,Complaint,2023-05-08,Closed
3827,Refund,2023-05-07,Closed
2378,Refund,2023-10-06,Open
4045,Complaint,2024-09-01,Closed
3656,Refund,2023-07-06,Closed
3962,Downgrade,2023-07-15,Closed
4828,Refund,2024-04-08,Closed
2661,Downgrade,2023-10-04,Open
1659,Downgrade,2023-06-02,Closed
1045,Complaint,2023-08-29,Closed
3771,Complaint,2023-05-08,Closed
4396,Complaint,2024-07-05,Closed
2145,Complaint,2024-08-17,Closed
3635,Downgrade,2024-03-21,Open
763,Complaint,2023-01-22,Closed
1117,Refund,2024-04-30,Closed
4151,Downgrade,2024-10-29,Open
63,Downgrade,2024-05-16,Closed
850,Complaint,2024-06-04,Closed
2938,Complaint,2023-09-30,Open
3417,Refund,2024-11-04,Open
3732,Refund,2024-01-26,Closed
787,Downgrade,2024-09-08,Closed
133,Refund,2023-04-28,Closed
2692,Refund,2024-08-05,Closed
1143,Complaint,2024-03-31,Closed
868,Refund,2024-11-04,Closed
2940,Refund,2023-12-25,Closed
181,Complaint,2024-09-28,Closed
1346,Refund,2024-05-10,Closed
4781,Complaint,2024-05-26,Closed
4617,Refund,2023-09-17,Open
3081,Complaint,2024-07-11,Closed
1481,Downgrade,2023-10-07,Closed
3953,Complaint,2023-02-27,Open
4589,Downgrade,2024-11-01,Closed
664,Complaint,2023-09-25,Closed
1562,Refund,2024-03-16,Closed
1584,Refund,2024-07-24,Closed
3946,Downgrade,2023-01-05,Closed
2201,Downgrade,2023-04-07,Open
4004,Complaint,2024-05-03,Closed
1303,Complaint,2023-02-24,Closed
3035,Downgrade,2023-06-22,Closed
3112,Refund,2023-12-07,Closed
2642,Complaint,2024-05-03,Closed
175,Complaint,2024-05-22,Closed
2141,Downgrade,2023-07-19,Closed
4714,Refund,2024-01-17,Closed
2439,Complaint,2023-09-27,Closed
2551,Refund,2023-05-12,Closed
649,Downgrade,2023-02-05,Open
4345,Complaint,2024-10-09,Closed
903,Downgrade,2023-02-02,Closed
3432,Downgrade,2023-03-03,Closed
1635,Refund,2023-05-24,Closed
1208,Complaint,2023-07-31,Closed
2886,Downgrade,2023-10-01,Closed
2463,Refund,2024-09-03,Closed
4541,Complaint,2023-06-18,Open
4026,Complaint,2023-01-20,Closed
1221,Downgrade,2023-07-28,Closed
1164,Complaint,2024-10-02,Open
2155,Refund,2023-10-24,Closed
4352,Refund,2024-01-15,Closed
1146,Complaint,2023-08-09,Closed
2702,Downgrade,2024-04-08,Closed
644,Refund,2023-04-13,Open
3752,Complaint,2023-11-20,Closed
3033,Refund,2023-02-04,Closed
4441,Refund,2023-09-18,Open
2487,Refund,2023-05-24,Closed
2427,Refund,2024-11-13,Open
4385,Complaint,2024-02-16,Closed
911,Downgrade,2023-08-14,Closed
1695,Complaint,2024-01-07,Closed
2679,Refund,2024-10-15,Closed
4606,Downgrade,2023-08-03,Open
3217,Downgrade,2024-11-23,Closed
3924,Downgrade,2023-07-11,Open
4527,Refund,2024-07-29,Closed
197,Complaint,2023-06-16,Open
4710,Refund,2023-06-22,Closed
1530,Downgrade,2023-02-22,Closed
2148,Downgrade,2024-08-15,Closed
3651,Complaint,2023-03-22,Closed
4266,Downgrade,2024-10-15,Closed
3847,Downgrade,2024-11-09,Closed
4406,Refund,2023-05-04,Closed
290,Downgrade,2023-01-26,Open
3394,Refund,2024-03-15,Closed
535,Refund,2024-06-25,Closed
1080,Downgrade,2023-07-03,Closed
4730,Refund,2023-11-07,Open
4946,Downgrade,2024-07-01,Closed
1293,Downgrade,2024-06-08,Closed
1259,Downgrade,2024-03-01,Closed
2694,Complaint,2024-08-11,Closed
2654,Refund,2024-04-22,Closed
2400,Refund,2024-09-04,Closed
4764,Complaint,2023-11-05,Closed
4602,Downgrade,2023-05-10,Closed
1627,Downgrade,2024-05-09,Closed
4776,Downgrade,2023-10-09,Closed
3114,Refund,2024-10-29,Closed
1869,Complaint,2023-07-06,Closed
3163,Complaint,2024-07-30,Closed
3513,Downgrade,2023-06-30,Closed
3484,Refund,2023-04-29,Closed
2265,Downgrade,2024-03-12,Closed
558,Complaint,2024-05-29,Closed
4657,Complaint,2023-08-11,Closed
2903,Downgrade,2023-09-03,Closed
918,Complaint,2024-03-08,Closed
4462,Downgrade,2023-11-19,Closed
1103,Complaint,2023-09-28,Closed
2468,Refund,2023-04-07,Closed
1469,Complaint,2023-12-04,Closed
2526,Downgrade,2024-07-28,Closed
4761,Refund,2023-05-23,Closed
173,Refund,2024-05-28,Open
275,Downgrade,2023-03-20,Closed
376,Downgrade,2023-06-23,Closed
2847,Complaint,2023-07-08,Closed
4769,Refund,2024-04-08,Open
3456,Downgrade,2023-01-24,Closed
2156,Downgrade,2023-04-06,Open
4401,Complaint,2023-09-18,Open
1256,Complaint,2023-02-25,Closed
2283,Refund,2023-04-29,Open
788,Downgrade,2023-02-23,Closed
501,Refund,2024-10-25,Closed
4033,Refund,2023-06-25,Closed
2183,Complaint,2023-10-05,Closed
3657,Refund,2024-04-09,Closed
503,Downgrade,2024-06-14,Closed
726,Downgrade,2023-05-22,Closed
4158,Complaint,2023-09-24,Closed
4655,Complaint,2023-02-11,Closed
3630,Downgrade,2023-06-11,Closed
943,Complaint,2023-04-24,Closed
2466,Complaint,2023-09-12,Closed
1135,Refund,2023-03-27,Closed
3039,Complaint,2024-03-17,Closed
4617,Complaint,2023-09-24,Closed
4036,Downgrade,2023-06-27,Closed
3279,Complaint,2023-09-16,Closed
2701,Refund,2024-01-31,Open
3660,Complaint,2023-02-10,Closed
98,Complaint,2023-05-14,Closed
1353,Downgrade,2024-06-06,Closed
4063,Downgrade,2024-01-29,Open
936,Refund,2023-04-04,Closed
2148,Downgrade,2024-07-12,Closed
3137,Refund,2024-03-27,Open
4308,Complaint,2023-10-05,Closed
909,Complaint,2023-08-28,Open
2129,Downgrade,2024-02-11,Open
2683,Downgrade,2023-02-02,Closed
4357,Complaint,2024-01-27,Closed
2298,Downgrade,2023-08-31,Closed
3536,Downgrade,2023-03-21,Closed
3612,Complaint,2023-09-01,Closed
4706,Refund,2023-04-28,Open
1934,Complaint,2023-03-17,Closed
3018,Complaint,2024-01-05,Closed
406,Refund,2023-05-07,Closed
2131,Complaint,2024-05-06,Closed
2816,Downgrade,2023-03-07,Open
3589,Downgrade,2024-04-08,Closed
4999,Downgrade,2023-10-14,Closed
454,Downgrade,2023-06-06,Closed
640,Downgrade,2024-10-06,Closed
3958,Refund,2023-10-06,Closed
3699,Downgrade,2024-11-07,Open
4167,Complaint,2023-03-14,Closed
1819,Complaint,2024-11-23,Open
1802,Downgrade,2023-03-18,Closed
1011,Downgrade,2024-07-01,Closed
367,Refund,2023-11-02,Closed
1041,Downgrade,2023-09-01,Closed
1601,Refund,2024-02-12,Open
2494,Downgrade,2024-07-01,Closed
4563,Complaint,2023-05-18,Closed
1370,Downgrade,2023-02-18,Open
1973,Refund,2024-01-24,Closed
1576,Downgrade,2023-06-26,Closed
1156,Complaint,2024-03-09,Closed
3276,Downgrade,2023-10-30,Closed
1749,Complaint,2024-09-15,Closed
3254,Downgrade,2024-06-04,Closed
2654,Refund,2023-04-01,Open
3559,Refund,2023-09-16,Closed
4546,Refund,2023-09-21,Open
3173,Downgrade,2023-07-05,Closed
4214,Complaint,2023-01-20,Closed
4531,Complaint,2023-07-21,Closed
4220,Complaint,2023-05-24,Closed
2357,Downgrade,2024-06-07,Open
1355,Refund,2023-02-23,Open
1996,Downgrade,2024-09-28,Closed
3714,Refund,2024-09-09,Closed
4454,Downgrade,2024-05-14,Closed
3249,Refund,2023-07-14,Closed
3759,Complaint,2024-01-28,Closed
3628,Downgrade,2024-06-26,Closed
4859,Downgrade,2023-05-29,Closed
1976,Complaint,2023-03-12,Closed
4813,Complaint,2023-10-13,Closed
3632,Downgrade,2023-02-16,Closed
1438,Downgrade,2023-04-13,Closed
862,Downgrade,2024-05-08,Closed
1174,Downgrade,2024-08-27,Closed
822,Complaint,2024-01-11,Closed
4405,Downgrade,2024-06-14,Closed
527,Refund,2024-06-05,Closed
2448,Downgrade,2023-10-17,Open
2911,Refund,2023-08-21,Closed
2465,Refund,2024-06-11,Closed
3662,Downgrade,2023-03-08,Closed
4797,Downgrade,2024-06-26,Closed
2250,Downgrade,2024-05-25,Closed
3329,Complaint,2024-06-18,Closed
4715,Complaint,2023-09-09,Closed
3901,Refund,2023-12-13,Closed
512,Downgrade,2023-07-16,Closed
3903,Refund,2023-06-02,Closed
4554,Refund,2024-08-09,Open
4644,Complaint,2023-04-25,Closed
2801,Refund,2024-08-07,Closed
149,Refund,2024-08-22,Closed
1085,Refund,2023-07-27,Closed
4057,Refund,2024-07-31,Closed
1208,Downgrade,2023-07-13,Closed
1745,Downgrade,2024-08-18,Closed
4651,Refund,2024-05-16,Closed
1126,Complaint,2023-11-24,Open
3235,Refund,2023-09-28,Open
4681,Refund,2023-12-10,Closed
3814,Refund,2024-01-17,Closed
4644,Refund,2023-07-11,Closed
3825,Complaint,2023-08-25,Closed
524,Refund,2023-02-02,Closed
1867,Downgrade,2023-08-09,Closed
4918,Refund,2023-01-01,Closed
173,Downgrade,2024-08-24,Closed
1954,Refund,2024-11-18,Closed
4239,Complaint,2023-03-09,Closed
2645,Downgrade,2024-10-03,Open
2905,Complaint,2024-01-24,Closed
2040,Downgrade,2024-08-04,Closed
3672,Complaint,2024-11-27,Closed
4573,Complaint,2024-01-10,Closed
2913,Refund,2023-08-11,Closed
1051,Complaint,2024-06-22,Closed
400,Complaint,2023-11-01,Closed
2514,Complaint,2023-08-11,Closed
1493,Refund,2023-10-19,Closed
4506,Refund,2024-06-12,Open
2324,Complaint,2023-04-27,Closed
2363,Downgrade,2023-08-23,Closed
332,Refund,2023-09-08,Closed
3332,Downgrade,2023-09-28,Closed
1666,Downgrade,2024-04-14,Closed
576,Complaint,2024-02-02,Closed
4698,Complaint,2024-04-07,Closed
29,Refund,2024-10-01,Closed
2707,Complaint,2023-09-02,Closed
3714,Downgrade,2024-03-20,Closed
1472,Complaint,2024-07-31,Open
532,Refund,2024-10-29,Closed
2865,Complaint,2024-07-25,Closed
1914,Complaint,2023-01-06,Closed
3783,Downgrade,2024-03-01,Closed
4496,Complaint,2023-05-12,Closed
1343,Refund,2023-01-04,Closed
4996,Complaint,2023-09-18,Closed
2945,Refund,2023-09-11,Open
3299,Complaint,2023-12-14,Open
4493,Refund,2023-07-13,Closed
1537,Refund,2023-03-29,Open
3160,Refund,2023-11-20,Open
1033,Refund,2024-07-05,Open
4908,Downgrade,2024-01-17,Closed
2128,Refund,2023-08-08,Closed
4387,Refund,2024-08-13,Closed
3599,Complaint,2023-11-06,Closed
4957,Complaint,2024-04-14,Closed
1034,Refund,2023-07-13,Closed
554,Complaint,2024-08-06,Closed
3087,Complaint,2024-01-17,Closed
4653,Refund,2023-10-19,Closed
1571,Complaint,2024-07-23,Closed
1162,Complaint,2023-07-19,Closed
1934,Downgrade,2023-10-07,Closed
4052,Complaint,2024-08-08,Closed
4572,Downgrade,2024-04-30,Open
3576,Refund,2023-05-22,Closed
393,Refund,2023-10-24,Closed
3572,Refund,2023-01-25,Closed
2737,Complaint,2024-03-12,Closed
3250,Complaint,2024-03-07,Closed
2103,Complaint,2023-01-25,Closed
394,Refund,2023-06-21,Closed
17,Complaint,2023-03-27,Closed
1613,Refund,2023-09-04,Closed
2578,Downgrade,2024-03-05,Closed
3211,Refund,2023-03-09,Closed
2349,Downgrade,2023-01-20,Closed
3074,Downgrade,2024-06-22,Closed
592,Complaint,2024-02-11,Closed
2019,Refund,2024-07-04,Closed
3839,Refund,2023-06-24,Open
4494,Complaint,2023-04-20,Closed
1598,Refund,2023-12-01,Closed
2932,Refund,2023-12-02,Closed
4512,Downgrade,2024-02-27,Closed
2404,Complaint,2023-11-14,Closed
1535,Complaint,2023-09-11,Open
1534,Downgrade,2023-06-19,Closed
1347,Downgrade,2024-09-11,Closed
4305,Complaint,2024-08-24,Closed
4059,Complaint,2023-07-05,Closed
3356,Complaint,2024-09-22,Closed
2793,Downgrade,2023-01-26,Closed
4468,Refund,2023-05-15,Closed
465,Complaint,2023-07-12,Closed
1954,Complaint,2023-11-25,Closed
1099,Complaint,2023-08-03,Closed
2034,Downgrade,2023-11-07,Closed
4672,Refund,2024-09-16,Closed
543,Refund,2023-12-01,Closed
2215,Downgrade,2024-06-13,Closed
3831,Downgrade,2023-07-08,Closed
1309,Downgrade,2023-02-25,Closed
404,Refund,2023-12-30,Closed
821,Refund,2023-03-24,Closed
192,Complaint,2023-08-29,Open
3426,Refund,2023-04-13,Open
3691,Refund,2024-05-11,Closed
3935,Refund,2023-10-09,Closed
822,Refund,2023-09-06,Closed
2357,Complaint,2024-01-16,Closed
354,Downgrade,2024-04-01,Open
3340,Downgrade,2023-05-30,Closed
1051,Refund,2023-03-04,Closed
1729,Refund,2023-02-12,Closed
3149,Complaint,2024-08-10,Open
2020,Complaint,2024-04-26,Open
3887,Complaint,2024-01-21,Closed
4786,Refund,2024-07-18,Closed
1054,Downgrade,2023-04-18,Open
3599,Complaint,2024-06-27,Closed
3172,Refund,2023-09-02,Closed
53,Complaint,2023-09-12,Closed
1126,Refund,2023-10-21,Closed
306,Downgrade,2023-05-12,Open
680,Downgrade,2024-08-16,Closed
930,Complaint,2023-02-10,Closed
3144,Downgrade,2024-07-13,Open
3406,Complaint,2024-01-30,Closed
3668,Downgrade,2024-03-20,Closed
2461,Complaint,2023-03-11,Closed
237,Downgrade,2023-09-10,Closed
791,Complaint,2024-10-09,Open
1346,Downgrade,2024-10-20,Closed
1893,Refund,2024-10-06,Closed
1229,Complaint,2023-08-20,Closed
884,Downgrade,2023-08-06,Closed
2368,Downgrade,2023-10-08,Closed
4284,Refund,2024-10-10,Closed
998,Complaint,2023-04-09,Closed
108,Downgrade,2024-07-31,Open
1773,Complaint,2023-02-13,Closed
825,Refund,2023-10-08,Closed
3586,Downgrade,2023-04-10,Closed
2385,Refund,2023-08-16,Open
2361,Complaint,2023-05-20,Open
4045,Downgrade,2023-10-12,Open
677,Refund,2024-01-31,Closed
4067,Refund,2024-10-01,Closed
2974,Complaint,2024-04-05,Closed
1157,Refund,2023-09-02,Closed
1556,Complaint,2024-11-09,Closed
4062,Downgrade,2023-02-24,Open
649,Complaint,2023-10-22,Closed
4807,Downgrade,2024-04-24,Closed
1357,Complaint,2024-11-22,Closed
3185,Complaint,2023-06-06,Closed
1866,Complaint,2024-11-12,Closed
1233,Downgrade,2023-05-20,Closed
3901,Refund,2024-06-26,Closed
3389,Refund,2024-09-21,Closed
1734,Complaint,2023-04-26,Closed
840,Refund,2024-11-25,Closed
1755,Complaint,2023-05-24,Closed
4900,Refund,2024-02-07,Closed
2081,Downgrade,2024-11-28,Closed
4846,Downgrade,2024-08-14,Closed
2609,Complaint,2023-08-09,Closed
877,Refund,2023-06-06,Closed
1476,Refund,2024-11-23,Closed
4849,Refund,2023-11-24,Closed
498,Complaint,2024-02-02,Closed
2163,Complaint,2024-06-13,Closed
2171,Refund,2023-09-21,Closed
2679,Refund,2024-05-14,Closed
3511,Refund,2024-02-20,Closed
4028,Refund,2023-12-25,Closed
3985,Complaint,2023-08-14,Closed
332,Complaint,2024-01-04,Open
4354,Refund,2024-10-16,Closed
3461,Downgrade,2023-10-01,Closed
1163,Downgrade,2024-01-31,Closed
3106,Refund,2023-01-14,Closed
603,Complaint,2023-11-10,Closed
3607,Downgrade,2023-04-13,Closed
4157,Downgrade,2023-03-24,Closed
2395,Complaint,2024-02-07,Closed
3803,Refund,2023-02-07,Open
3089,Downgrade,2024-07-29,Closed
839,Refund,2024-07-12,Closed
2374,Refund,2023-03-09,Closed
2084,Refund,2024-04-18,Open
4646,Complaint,2024-10-22,Closed
2546,Complaint,2023-10-19,Closed
4028,Downgrade,2023-09-15,Closed
1857,Complaint,2024-06-12,Open
2079,Complaint,2024-03-01,Closed
3112,Complaint,2024-06-02,Closed
2601,Downgrade,2024-04-09,Open
1151,Complaint,2024-07-30,Open
3402,Complaint,2024-07-09,Closed
4348,Complaint,2024-10-19,Closed
3252,Downgrade,2024-11-01,Closed
4405,Complaint,2023-07-26,Open
278,Refund,2023-05-08,Closed
1201,Complaint,2024-04-27,Open
645,Downgrade,2023-03-20,Closed
2489,Downgrade,2023-11-06,Open
3921,Downgrade,2024-11-12,Open
1791,Refund,2023-07-22,Closed
4426,Refund,2023-07-28,Closed
4245,Refund,2023-05-18,Closed
706,Downgrade,2024-10-09,Open
303,Refund,2023-01-05,Open
4900,Complaint,2024-04-01,Open
3145,Complaint,2023-01-10,Open
1681,Complaint,2024-08-24,Closed
4705,Downgrade,2023-10-08,Closed
4876,Downgrade,2024-10-09,Closed
4142,Complaint,2023-02-24,Open
4333,Downgrade,2024-09-22,Closed
4310,Complaint,2024-11-21,Closed
3274,Complaint,2023-05-01,Closed
2992,Refund,2023-01-30,Closed
1830,Downgrade,2023-01-10,Closed
4008,Downgrade,2023-12-31,Closed
3180,Downgrade,2024-09-17,Closed
115,Complaint,2024-07-09,Closed
2100,Refund,2023-05-19,Closed
1262,Refund,2024-07-11,Closed
4696,Refund,2023-02-14,Closed
4900,Downgrade,2024-05-19,Closed
3286,Complaint,2023-10-22,Open
4726,Complaint,2023-06-28,Open
3550,Downgrade,2024-03-25,Closed
2499,Refund,2024-10-24,Closed
1020,Refund,2024-05-31,Closed
836,Complaint,2024-11-02,Closed
3080,Complaint,2024-01-19,Closed
3402,Refund,2024-03-06,Closed
695,Refund,2023-06-26,Closed
605,Downgrade,2023-03-31,Closed
4001,Complaint,2023-09-22,Closed
3934,Complaint,2023-02-24,Closed
3000,Complaint,2024-01-31,Closed
2204,Downgrade,2024-10-08,Closed
4340,Downgrade,2023-01-29,Closed
432,Downgrade,2024-11-13,Closed
3052,Refund,2024-08-02,Closed
582,Downgrade,2023-12-09,Closed
3293,Complaint,2023-08-31,Closed
579,Complaint,2023-01-29,Closed
771,Complaint,2024-11-18,Closed
1866,Complaint,2023-06-16,Closed
64,Complaint,2024-01-31,Closed
3424,Downgrade,2023-03-17,Open
1922,Complaint,2023-07-29,Open
55,Downgrade,2023-07-30,Closed
3542,Complaint,2024-08-02,Closed
3190,Complaint,2024-03-14,Closed
3967,Downgrade,2024-02-08,Closed
1466,Complaint,2023-12-02,Closed
2752,Refund,2024-01-05,Closed
3502,Complaint,2024-06-01,Closed
726,Refund,2023-03-27,Closed
1469,Refund,2024-03-19,Closed
1320,Downgrade,2024-07-06,Closed
830,Refund,2024-08-27,Open
3866,Complaint,2023-01-19,Closed
4950,Downgrade,2023-03-18,Closed
1307,Complaint,2023-08-30,Closed
2580,Complaint,2023-01-22,Closed
2853,Complaint,2024-05-01,Closed
1831,Complaint,2024-07-25,Closed
4908,Refund,2023-02-11,Open
250,Refund,2024-11-24,Open
3471,Downgrade,2024-07-15,Closed
543,Downgrade,2024-06-13,Open
375,Refund,2023-01-08,Closed
4658,Downgrade,2023-05-05,Closed
3433,Complaint,2024-03-16,Closed
4487,Downgrade,2024-07-02,Closed
551,Downgrade,2024-02-22,Closed
4461,Complaint,2023-12-27,Closed
4090,Refund,2024-09-03,Closed
393,Refund,2023-07-21,Closed
4283,Downgrade,2023-10-23,Closed
1016,Refund,2023-02-04,Open
4474,Downgrade,2023-05-13,Closed
2123,Refund,2023-12-12,Closed
3065,Downgrade,2023-11-23,Closed
236,Complaint,2023-05-15,Closed
3735,Complaint,2023-05-20,Closed
436,Complaint,2023-12-25,Closed
1402,Refund,2023-05-02,Open
934,Downgrade,2023-06-17,Closed
113,Refund,2023-03-04,Closed
1966,Complaint,2023-08-05,Closed
1241,Downgrade,2023-12-28,Closed
4165,Downgrade,2024-10-07,Closed
606,Downgrade,2023-09-14,Closed
3442,Refund,2023-02-25,Closed
2859,Downgrade,2023-10-22,Closed
4024,Refund,2024-04-01,Open
2046,Complaint,2023-09-11,Closed
2756,Complaint,2024-04-15,Closed
2003,Complaint,2024-04-29,Closed
2688,Complaint,2023-07-18,Open
3916,Downgrade,2024-07-27,Closed
1223,Refund,2023-05-22,Closed
740,Downgrade,2024-04-25,Closed
1350,Downgrade,2024-07-16,Open
4780,Refund,2023-05-14,Open
1425,Downgrade,2023-09-28,Closed
1678,Complaint,2023-04-18,Closed
716,Refund,2024-09-15,Closed
1399,Refund,2023-03-05,Closed
121,Downgrade,2024-03-07,Closed
2379,Downgrade,2024-02-26,Closed
4208,Downgrade,2024-06-24,Closed
2401,Downgrade,2024-05-25,Closed
4156,Complaint,2023-02-09,Closed
2008,Complaint,2024-11-01,Closed
1232,Complaint,2024-01-06,Open
4983,Downgrade,2024-02-18,Closed
1923,Downgrade,2024-11-02,Closed
2344,Refund,2023-11-16,Closed
4991,Refund,2023-10-22,Closed
2472,Downgrade,2023-01-01,Closed
365,Complaint,2024-11-20,Open
201,Downgrade,2023-01-20,Closed
3333,Downgrade,2023-10-25,Closed
2091,Downgrade,2024-07-20,Closed
4353,Refund,2024-04-23,Closed
4377,Downgrade,2024-09-18,Closed
1369,Downgrade,2024-05-07,Open
4462,Downgrade,2023-09-28,Closed
3410,Downgrade,2023-09-16,Open
219,Refund,2024-09-10,Closed
1909,Downgrade,2023-08-30,Closed
1673,Refund,2023-05-26,Closed
764,Downgrade,2024-10-14,Open
2278,Refund,2023-10-02,Closed
4181,Downgrade,2024-05-06,Closed
2501,Complaint,2023-06-28,Closed
3056,Downgrade,2023-03-25,Closed
3102,Refund,2023-12-25,Closed
4360,Complaint,2024-11-28,Closed
2588,Refund,2024-08-07,Open
2897,Refund,2023-04-24,Closed
2021,Refund,2024-04-18,Closed
1557,Complaint,2023-05-12,Closed
2450,Complaint,2023-08-30,Closed
885,Downgrade,2023-11-29,Closed
1930,Downgrade,2023-08-06,Closed
4350,Complaint,2023-07-21,Closed
2630,Complaint,2023-10-29,Closed
869,Complaint,2024-02-18,Closed
4823,Downgrade,2024-03-20,Closed
2681,Refund,2024-06-21,Closed
4461,Complaint,2024-03-04,Closed
4282,Downgrade,2023-02-11,Closed
1845,Refund,2024-07-15,Closed
3028,Refund,2024-08-31,Closed
2742,Refund,2024-05-03,Closed
1253,Downgrade,2023-07-17,Closed
2693,Refund,2024-07-07,Closed
2723,Refund,2024-10-24,Closed
703,Refund,2024-07-10,Open
4438,Downgrade,2023-09-02,Closed
5000,Complaint,2023-10-10,Open
4131,Refund,2023-08-05,Closed
3531,Complaint,2023-12-26,Closed
1217,Refund,2024-10-19,Open
1504,Downgrade,2024-02-19,Open
3610,Downgrade,2023-11-21,Closed
672,Downgrade,2023-11-16,Closed
4576,Refund,2024-02-20,Open
3874,Downgrade,2023-08-03,Closed
3279,Complaint,2023-08-27,Closed
1062,Downgrade,2023-07-31,Open
195,Downgrade,2023-07-13,Open
4560,Complaint,2024-02-04,Open
4068,Downgrade,2023-09-20,Open
322,Refund,2024-07-15,Closed
3791,Complaint,2024-10-28,Closed
1067,Downgrade,2023-03-04,Open
452,Complaint,2024-02-28,Closed
141,Complaint,2023-07-24,Closed
3472,Refund,2024-10-13,Closed
4465,Refund,2023-03-25,Closed
3657,Complaint,2023-04-24,Closed
1792,Complaint,2024-11-08,Closed
1270,Downgrade,2024-11-05,Closed
3632,Complaint,2024-04-17,Closed
922,Downgrade,2023-06-13,Open
1022,Refund,2023-02-16,Closed
3431,Downgrade,2023-04-27,Closed
3664,Downgrade,2024-08-15,Closed
4918,Refund,2024-09-03,Closed
2122,Downgrade,2023-11-04,Closed
4922,Refund,2023-03-20,Closed
3931,Downgrade,2024-10-27,Open
248,Downgrade,2024-08-16,Closed
3039,Downgrade,2024-09-04,Closed
3545,Downgrade,2024-07-08,Closed
3891,Downgrade,2024-03-23,Closed
1275,Refund,2024-10-13,Closed
234,Complaint,2024-04-20,Closed
183,Downgrade,2023-02-14,Closed
2782,Complaint,2024-10-25,Closed
4742,Downgrade,2023-09-29,Closed
2215,Complaint,2024-06-19,Closed
353,Downgrade,2024-11-27,Closed
3580,Complaint,2024-01-25,Closed
2309,Complaint,2024-10-26,Open
426,Downgrade,2024-06-14,Closed
3165,Downgrade,2024-02-15,Closed
4178,Refund,2024-07-04,Closed
238,Refund,2024-10-07,Open
142,Complaint,2024-06-13,Open
3664,Complaint,2023-11-17,Closed
3243,Refund,2024-03-14,Closed
1544,Complaint,2023-07-07,Closed
3639,Complaint,2023-07-22,Closed
1619,Refund,2024-05-17,Open
4646,Complaint,2023-07-13,Closed
2519,Complaint,2023-04-26,Open
3441,Downgrade,2023-04-11,Closed
4258,Downgrade,2023-07-17,Open
1246,Refund,2024-03-29,Open
3371,Downgrade,2024-04-14,Closed
4880,Complaint,2024-03-27,Open
2564,Complaint,2023-05-01,Closed
1362,Downgrade,2023-12-08,Closed
2472,Downgrade,2024-05-05,Closed
109,Complaint,2023-10-01,Closed
1190,Refund,2024-06-10,Closed
1062,Downgrade,2024-05-20,Open
435,Refund,2024-04-16,Closed
3128,Complaint,2023-04-25,Closed
1297,Downgrade,2024-05-07,Closed
3186,Downgrade,2023-02-04,Closed
5000,Downgrade,2023-12-12,Closed
1228,Downgrade,2024-09-13,Closed
3957,Complaint,2023-10-20,Closed
3331,Refund,2023-10-06,Closed
459,Refund,2024-11-10,Closed
855,Complaint,2023-05-02,Closed
3746,Downgrade,2023-02-11,Closed
1890,Refund,2024-11-26,Closed
3729,Complaint,2024-04-12,Closed
4359,Downgrade,2023-12-19,Open
3098,Refund,2023-09-05,Closed
1322,Refund,2024-10-31,Closed
731,Downgrade,2023-03-26,Closed
352,Complaint,2024-07-13,Closed
2851,Downgrade,2023-10-28,Closed
4568,Complaint,2023-03-22,Closed
3029,Complaint,2023-04-24,Closed
2962,Refund,2023-09-10,Open
256,Complaint,2024-11-13,Closed
2878,Refund,2023-07-09,Closed
1958,Refund,2024-05-23,Open
2771,Downgrade,2024-08-27,Closed
2967,Refund,2024-08-24,Closed
1687,Complaint,2024-11-13,Open
3106,Complaint,2024-10-10,Open
1928,Complaint,2024-04-18,Closed
4185,Refund,2023-07-08,Open
1000,Downgrade,2023-12-18,Closed
4743,Complaint,2023-01-15,Closed
627,Downgrade,2024-07-31,Open
2495,Downgrade,2023-10-25,Closed
3217,Downgrade,2023-11-02,Open
3056,Complaint,2024-06-14,Closed
2902,Complaint,2024-03-04,Closed
293,Refund,2024-09-18,Closed
2563,Complaint,2024-04-25,Closed
786,Downgrade,2023-05-29,Closed
777,Refund,2023-11-08,Closed
1913,Complaint,2024-11-26,Closed
3848,Downgrade,2024-01-07,Closed
3524,Downgrade,2023-07-30,Open
1842,Refund,2023-11-02,Closed
3964,Downgrade,2024-08-27,Closed
513,Downgrade,2024-06-03,Closed
4719,Refund,2023-02-01,Open
3290,Complaint,2024-09-21,Closed
2019,Downgrade,2023-04-22,Open
1847,Refund,2024-07-20,Closed
365,Refund,2023-02-03,Closed
1447,Complaint,2023-10-03,Closed
2504,Refund,2024-02-15,Open
811,Complaint,2023-02-19,Open
571,Complaint,2024-07-21,Closed
1248,Complaint,2024-01-08,Closed
2448,Downgrade,2023-07-10,Closed
2464,Refund,2024-11-28,Closed
3680,Downgrade,2023-09-12,Closed
2295,Refund,2024-08-14,Closed
163,Refund,2023-03-18,Closed
1397,Refund,2023-08-01,Closed
458,Complaint,2023-09-20,Closed
4448,Refund,2024-08-23,Closed
1108,Complaint,2023-03-21,Closed
3743,Refund,2023-08-17,Closed
967,Refund,2023-12-07,Open
3447,Refund,2023-01-29,Closed
2352,Downgrade,2023-06-13,Closed
2524,Complaint,2023-01-30,Closed
1140,Downgrade,2023-08-01,Closed
994,Complaint,2023-06-11,Open
151,Refund,2023-06-30,Closed
2610,Refund,2024-11-19,Closed
872,Complaint,2023-01-28,Closed
1132,Complaint,2023-09-12,Open
2158,Complaint,2023-12-06,Open
4478,Refund,2023-09-21,Closed
1780,Complaint,2024-06-13,Closed
1398,Refund,2023-02-18,Closed
1290,Downgrade,2024-10-18,Open
2455,Refund,2023-11-16,Closed
2487,Downgrade,2023-04-26,Closed
988,Refund,2024-05-30,Closed
636,Complaint,2024-10-24,Open
4430,Downgrade,2023-11-02,Closed
4077,Complaint,2024-02-22,Closed
3290,Complaint,2023-02-04,Open
3997,Refund,2024-10-22,Closed
386,Complaint,2024-09-17,Closed
3432,Complaint,2023-08-03,Closed
436,Complaint,2024-05-17,Closed
2998,Downgrade,2024-04-07,Closed
1001,Refund,2023-01-23,Open
1372,Refund,2024-11-29,Open
1161,Complaint,2023-11-17,Closed
4070,Refund,2024-11-01,Closed
2460,Complaint,2024-06-22,Closed
3236,Refund,2023-03-25,Open
3013,Complaint,2024-05-01,Open
292,Complaint,2024-02-20,Closed
1093,Complaint,2023-08-12,Closed
4122,Refund,2024-04-12,Closed
3854,Refund,2024-02-16,Closed
1625,Refund,2023-01-22,Closed
128,Complaint,2023-09-18,Closed
3310,Refund,2024-01-22,Open
201,Downgrade,2024-01-02,Closed
246,Downgrade,2023-12-23,Closed
3582,Complaint,2024-08-15,Open
477,Refund,2024-03-21,Closed
2624,Refund,2024-04-28,Closed
2898,Complaint,2024-11-21,Closed
3137,Refund,2023-04-09,Open
1004,Refund,2024-08-09,Closed
2592,Refund,2023-04-10,Closed
4068,Downgrade,2024-04-01,Closed
631,Downgrade,2023-02-17,Closed
1002,Complaint,2023-12-25,Closed
1656,Downgrade,2024-02-11,Closed
1080,Refund,2024-07-24,Closed
2305,Refund,2023-09-01,Closed
3811,Downgrade,2024-01-30,Closed
2255,Downgrade,2023-04-12,Closed
3171,Refund,2024-03-16,Closed
2027,Downgrade,2024-01-18,Open
2063,Complaint,2023-06-19,Open
2519,Downgrade,2023-04-15,Closed
2657,Complaint,2023-06-05,Closed
4407,Refund,2024-04-01,Closed
3112,Refund,2024-03-28,Closed
1512,Refund,2024-10-16,Closed
1543,Complaint,2024-07-26,Closed
4548,Refund,2023-06-27,Closed
906,Downgrade,2024-01-05,Closed
4684,Downgrade,2023-06-23,Closed
2530,Complaint,2023-02-22,Closed
4152,Refund,2024-05-07,Closed
1142,Complaint,2023-11-17,Closed
4279,Refund,2023-07-01,Closed
147,Downgrade,2023-08-17,Closed
1880,Downgrade,2023-01-28,Open
2464,Complaint,2024-01-23,Closed
2031,Refund,2023-01-13,Closed
340,Downgrade,2023-07-07,Closed
2234,Downgrade,2023-02-28,Open
2291,Complaint,2023-12-01,Open
924,Downgrade,2023-04-25,Closed
2768,Refund,2024-07-10,Open
380,Complaint,2024-01-31,Open
3375,Refund,2023-12-27,Closed
2743,Refund,2023-03-05,Closed
1124,Complaint,2024-06-26,Closed
1782,Refund,2024-04-04,Closed
2844,Downgrade,2024-02-06,Closed
1514,Refund,2024-10-07,Open
411,Complaint,2023-05-11,Closed
2,Downgrade,2024-02-01,Closed
183,Refund,2023-03-02,Open
4612,Refund,2023-11-22,Closed
480,Complaint,2023-05-15,Closed
1446,Complaint,2024-03-13,Closed
194,Downgrade,2024-10-05,Closed
334,Complaint,2023-12-18,Closed
819,Complaint,2024-10-13,Closed
3086,Downgrade,2023-04-28,Open
3329,Refund,2024-03-20,Closed
1047,Complaint,2024-01-16,Closed
2342,Complaint,2023-10-26,Closed
1038,Refund,2024-05-06,Closed
110,Complaint,2023-04-15,Open
2326,Refund,2024-07-16,Closed
4002,Refund,2024-02-07,Closed
4662,Refund,2023-04-07,Closed
3726,Complaint,2023-02-14,Closed
269,Complaint,2024-04-04,Closed
1203,Complaint,2024-02-09,Closed
3537,Refund,2023-09-03,Closed
1626,Downgrade,2024-08-01,Closed
1914,Refund,2024-04-06,Closed
4188,Refund,2024-03-22,Closed
2518,Downgrade,2024-03-20,Closed
3569,Complaint,2023-07-08,Closed
4557,Downgrade,2023-08-25,Closed
2006,Refund,2023-03-17,Closed
628,Complaint,2023-01-18,Open
4972,Refund,2024-07-10,Closed
2115,Downgrade,2023-10-09,Closed
912,Downgrade,2023-04-15,Closed
3390,Complaint,2024-09-26,Closed
2666,Refund,2024-05-07,Closed
4657,Refund,2023-09-30,Closed
3352,Complaint,2024-01-31,Closed
2427,Refund,2023-08-20,Closed
2057,Refund,2024-11-11,Closed
332,Refund,2024-10-08,Closed
951,Refund,2024-01-02,Closed
2276,Refund,2023-07-13,Closed
344,Complaint,2024-01-22,Closed
1118,Downgrade,2024-09-30,Closed
1918,Complaint,2023-06-13,Closed
2906,Complaint,2024-04-01,Closed
1302,Downgrade,2024-11-24,Closed
4344,Refund,2024-07-05,Closed
1385,Refund,2023-04-20,Closed
1434,Complaint,2024-03-28,Closed
3183,Complaint,2023-10-06,Open
47,Refund,2024-06-01,Closed
4189,Downgrade,2024-05-16,Closed
3105,Complaint,2023-09-11,Closed
2806,Downgrade,2024-11-05,Closed
3347,Downgrade,2024-06-28,Closed
2580,Complaint,2023-05-30,Closed
4606,Downgrade,2024-09-12,Closed
773,Complaint,2023-05-12,Closed
3245,Downgrade,2024-01-06,Open
3793,Downgrade,2023-10-19,Closed
2771,Refund,2024-07-02,Closed
1136,Refund,2024-08-18,Open
4054,Refund,2024-07-23,Closed
3574,Downgrade,2023-04-09,Closed
1443,Downgrade,2024-02-03,Closed
1126,Downgrade,2023-07-07,Closed
1951,Refund,2024-02-08,Closed
4519,Downgrade,2024-02-11,Open
1842,Downgrade,2023-04-08,Closed
3502,Refund,2024-05-20,Closed
1160,Downgrade,2023-10-05,Closed
1667,Refund,2023-04-28,Closed
1033,Downgrade,2024-10-09,Closed
4337,Downgrade,2023-09-22,Closed
1159,Complaint,2024-08-01,Closed
2324,Downgrade,2023-10-26,Closed
617,Downgrade,2023-08-06,Open
339,Refund,2024-02-07,Closed
111,Downgrade,2023-01-13,Closed
652,Downgrade,2024-09-21,Closed
2097,Downgrade,2023-04-04,Open
4713,Complaint,2023-10-11,Closed
78,Downgrade,2024-08-21,Closed
1454,Complaint,2023-12-31,Open
4763,Refund,2023-06-12,Closed
1718,Refund,2024-11-26,Closed
2031,Refund,2024-06-20,Closed
466,Complaint,2024-08-27,Closed
2760,Refund,2024-05-22,Closed
112,Refund,2023-04-29,Open
2918,Complaint,2023-06-22,Closed
3514,Refund,2024-06-29,Closed
1541,Refund,2024-07-09,Closed
1279,Downgrade,2023-11-27,Closed
4103,Refund,2023-02-22,Closed
1686,Refund,2024-01-07,Closed
2474,Refund,2024-01-12,Closed
2756,Downgrade,2024-09-01,Closed
2317,Refund,2023-09-20,Open
1577,Refund,2024-07-08,Closed
2636,Downgrade,2024-07-03,Closed
545,Complaint,2023-03-19,Closed
1144,Downgrade,2023-07-21,Closed
3173,Refund,2024-02-29,Closed
4945,Refund,2024-10-29,Closed
4571,Complaint,2024-02-04,Closed
4672,Downgrade,2024-03-12,Closed
460,Complaint,2024-04-23,Open
2257,Complaint,2023-04-05,Closed
1704,Downgrade,2023-11-04,Closed
3957,Downgrade,2024-05-27,Open
2240,Refund,2024-03-29,Closed
765,Downgrade,2024-06-03,Closed
1747,Refund,2024-06-25,Closed
4006,Refund,2023-08-12,Closed
1304,Refund,2024-04-09,Closed
3620,Refund,2023-10-21,Closed
3949,Refund,2023-08-16,Closed
2968,Complaint,2023-07-19,Closed
438,Refund,2023-03-30,Open
531,Refund,2023-10-23,Closed
3735,Complaint,2024-04-27,Closed
3407,Downgrade,2024-07-30,Closed
1900,Downgrade,2023-08-25,Closed
3198,Downgrade,2024-04-25,Closed
4434,Complaint,2023-04-24,Closed
3928,Refund,2023-12-26,Closed
3147,Downgrade,2024-07-27,Closed
907,Complaint,2023-05-14,Closed
2540,Downgrade,2023-02-02,Open
2758,Complaint,2024-04-25,Closed
2524,Downgrade,2023-11-15,Open
918,Refund,2023-10-17,Closed
801,Downgrade,2024-11-28,Closed
4951,Complaint,2023-05-14,Closed
1690,Complaint,2023-03-13,Closed
1593,Refund,2023-09-25,Closed
1338,Refund,2024-04-29,Closed
1873,Refund,2023-10-19,Closed
1455,Refund,2023-09-18,Closed
581,Downgrade,2023-05-04,Closed
4662,Refund,2023-06-10,Closed
1379,Complaint,2023-07-14,Closed
2505,Refund,2023-04-06,Closed
4107,Complaint,2024-09-23,Closed
4703,Downgrade,2023-01-10,Closed
164,Complaint,2023-05-23,Closed
350,Downgrade,2023-04-25,Closed
4424,Refund,2024-02-26,Open
3546,Complaint,2023-08-06,Closed
2662,Complaint,2024-02-05,Open
3216,Downgrade,2023-01-24,Closed
1026,Refund,2024-07-27,Closed
2336,Downgrade,2024-04-03,Closed
958,Downgrade,2024-08-18,Open
3455,Refund,2024-01-10,Closed
1455,Downgrade,2023-02-16,Closed
3421,Downgrade,2023-03-15,Closed
4164,Refund,2023-06-25,Closed
1245,Complaint,2023-09-03,Closed
3741,Downgrade,2024-07-27,Closed
122,Refund,2024-04-12,Closed
1458,Complaint,2023-11-03,Closed
3813,Refund,2023-11-11,Closed
1651,Complaint,2024-06-26,Open
4073,Downgrade,2024-11-20,Open
772,Complaint,2024-03-15,Closed
1744,Refund,2024-06-28,Closed
732,Refund,2023-05-10,Closed
4731,Downgrade,2024-07-27,Closed
1683,Complaint,2024-09-01,Closed
4266,Downgrade,2024-01-24,Open
4685,Complaint,2023-08-14,Closed
4528,Refund,2024-04-09,Closed
1211,Downgrade,2023-03-30,Open
3125,Downgrade,2023-07-05,Open
2788,Refund,2023-08-19,Closed
3285,Complaint,2024-11-02,Closed
1172,Refund,2023-04-15,Closed
933,Downgrade,2023-02-22,Closed
4948,Refund,2024-09-13,Open
211,Downgrade,2023-05-18,Closed
2398,Downgrade,2023-09-09,Open
1668,Complaint,2023-01-21,Closed
1613,Downgrade,2024-03-14,Closed
83,Complaint,2024-05-26,Closed
3851,Refund,2024-04-24,Closed
3837,Complaint,2023-12-19,Closed
2868,Downgrade,2023-11-03,Closed
2505,Downgrade,2023-12-01,Open
798,Complaint,2023-06-02,Closed
4693,Downgrade,2023-07-03,Closed
4609,Refund,2023-05-22,Closed
2203,Refund,2024-11-22,Closed
3825,Downgrade,2024-01-30,Closed
17,Refund,2024-01-18,Closed
555,Refund,2023-09-10,Open
1327,Refund,2023-06-07,Closed
4365,Refund,2023-09-18,Open
3305,Refund,2023-07-15,Closed
3240,Downgrade,2024-08-05,Closed
938,Refund,2024-11-09,Closed
4618,Downgrade,2024-11-05,Closed
2935,Downgrade,2024-08-26,Closed
4389,Downgrade,2023-11-10,Open
4359,Downgrade,2023-04-24,Open
3897,Downgrade,2023-11-20,Closed
3663,Complaint,2024-03-03,Closed
1921,Refund,2024-08-24,Closed
2939,Downgrade,2024-04-18,Closed
2370,Downgrade,2024-03-09,Closed
1524,Refund,2023-03-14,Open
4864,Refund,2024-08-11,Closed
925,Refund,2023-06-29,Open
1404,Downgrade,2024-08-13,Closed
2494,Complaint,2023-06-04,Closed
2874,Refund,2023-09-22,Open
1087,Refund,2023-01-18,Closed
3516,Downgrade,2024-01-29,Closed
2855,Complaint,2023-06-15,Closed
1221,Refund,2024-02-24,Closed
1711,Refund,2024-11-11,Open
4337,Refund,2023-01-10,Closed
4218,Complaint,2024-10-08,Closed
2705,Refund,2023-03-20,Closed
542,Refund,2023-05-19,Closed
3579,Complaint,2023-07-11,Closed
2301,Complaint,2023-02-12,Closed
3179,Refund,2023-12-05,Closed
2531,Refund,2023-06-09,Open
3988,Downgrade,2024-04-05,Closed
2984,Complaint,2024-02-29,Closed
1923,Complaint,2024-08-06,Open
1926,Complaint,2023-02-20,Closed
4273,Downgrade,2024-10-03,Open
3685,Refund,2024-11-16,Closed
1557,Complaint,2023-09-12,Closed
